drx	drr	ddbj_status	source
DRX000011	DRR000031	public	ncbi_parquet
DRX000012	DRR000032	public	ncbi_parquet
DRX000013	DRR000033	public	ncbi_parquet
DRX000014	DRR000034	public	ncbi_parquet
DRX000015	DRR000035	public	ncbi_parquet
DRX000016	DRR000036	public	ncbi_parquet
DRX000017	DRR000037	public	ncbi_parquet
DRX000017	DRR000038	public	ncbi_parquet
DRX000017	DRR000039	public	ncbi_parquet
DRX000017	DRR000040	public	ncbi_parquet
DRX000017	DRR000041	public	ncbi_parquet
DRX000017	DRR000042	public	ncbi_parquet
DRX000018	DRR000043	public	ncbi_parquet
DRX000018	DRR000044	public	ncbi_parquet
DRX000018	DRR000045	public	ncbi_parquet
DRX000018	DRR000046	public	ncbi_parquet
DRX000018	DRR000047	public	ncbi_parquet
DRX000019	DRR000048	public	ncbi_parquet
DRX000019	DRR000049	public	ncbi_parquet
DRX000019	DRR000050	public	ncbi_parquet
DRX000020	DRR000051	public	ncbi_parquet
DRX000020	DRR000052	public	ncbi_parquet
DRX000020	DRR000053	public	ncbi_parquet
DRX000021	DRR000054	public	ncbi_parquet
DRX000021	DRR000055	public	ncbi_parquet
DRX000021	DRR000056	public	ncbi_parquet
DRX000022	DRR000057	public	ncbi_parquet
DRX000022	DRR000058	public	ncbi_parquet
DRX000022	DRR000059	public	ncbi_parquet
DRX000023	DRR000060	public	ncbi_parquet
DRX000023	DRR000061	public	ncbi_parquet
DRX000023	DRR000062	public	ncbi_parquet
DRX000023	DRR000063	public	ncbi_parquet
DRX000024	DRR000064	public	ncbi_parquet
DRX000024	DRR000065	public	ncbi_parquet
DRX000024	DRR000066	public	ncbi_parquet
DRX000024	DRR000067	public	ncbi_parquet
DRX000025	DRR000068	public	ncbi_parquet
DRX000025	DRR000069	public	ncbi_parquet
DRX000025	DRR000070	public	ncbi_parquet
DRX000025	DRR000071	public	ncbi_parquet
DRX000026	DRR000072	public	ncbi_parquet
DRX000026	DRR000073	public	ncbi_parquet
DRX000026	DRR000074	public	ncbi_parquet
DRX000026	DRR000075	public	ncbi_parquet
DRX000026	DRR000076	public	ncbi_parquet
DRX000027	DRR000077	public	ncbi_parquet
DRX000027	DRR000078	public	ncbi_parquet
DRX000027	DRR000079	public	ncbi_parquet
DRX000027	DRR000080	public	ncbi_parquet
DRX000027	DRR000081	public	ncbi_parquet
DRX000027	DRR000082	public	ncbi_parquet
DRX000027	DRR000083	public	ncbi_parquet
DRX000027	DRR000084	public	ncbi_parquet
DRX000028	DRR000085	public	ncbi_parquet
DRX000028	DRR000086	public	ncbi_parquet
DRX000028	DRR000087	public	ncbi_parquet
DRX000028	DRR000088	public	ncbi_parquet
DRX000028	DRR000089	public	ncbi_parquet
DRX000028	DRR000090	public	ncbi_parquet
DRX000029	DRR000091	public	ncbi_parquet
DRX000029	DRR000092	public	ncbi_parquet
DRX000054	DRR000117	public	ncbi_parquet
DRX000055	DRR000118	public	ncbi_parquet
DRX000056	DRR000119	public	ncbi_parquet
DRX000056	DRR000120	public	ncbi_parquet
DRX000056	DRR000121	public	ncbi_parquet
DRX000056	DRR000122	public	ncbi_parquet
DRX000057	DRR000123	public	ncbi_parquet
DRX000057	DRR000124	public	ncbi_parquet
DRX000057	DRR000125	public	ncbi_parquet
DRX000057	DRR000126	public	ncbi_parquet
DRX000059	DRR000131	public	ncbi_parquet
DRX000059	DRR000132	public	ncbi_parquet
DRX000059	DRR000133	public	ncbi_parquet
DRX000059	DRR000134	public	ncbi_parquet
DRX000062	DRR000137	public	ncbi_parquet
DRX000062	DRR000138	public	ncbi_parquet
DRX000062	DRR000139	public	ncbi_parquet
DRX000062	DRR000140	public	ncbi_parquet
DRX000062	DRR000141	public	ncbi_parquet
DRX000062	DRR000142	public	ncbi_parquet
DRX000062	DRR000143	public	ncbi_parquet
DRX000062	DRR000144	public	ncbi_parquet
DRX000062	DRR000145	public	ncbi_parquet
DRX000062	DRR000146	public	ncbi_parquet
DRX000062	DRR000147	public	ncbi_parquet
DRX000062	DRR000148	public	ncbi_parquet
DRX000062	DRR000367	public	ncbi_parquet
DRX000062	DRR000368	public	ncbi_parquet
DRX000062	DRR000369	public	ncbi_parquet
DRX000062	DRR000370	public	ncbi_parquet
DRX000062	DRR000371	public	ncbi_parquet
DRX000062	DRR000372	public	ncbi_parquet
DRX000064	DRR000150	public	ncbi_parquet
DRX000065	DRR000151	public	ncbi_parquet
DRX000066	DRR000152	public	ncbi_parquet
DRX000067	DRR000153	public	ncbi_parquet
DRX000068	DRR000154	public	ncbi_parquet
DRX000069	DRR000155	public	ncbi_parquet
DRX000070	DRR000156	public	ncbi_parquet
DRX000071	DRR000157	public	ncbi_parquet
DRX000072	DRR000158	public	ncbi_parquet
DRX000073	DRR000159	public	ncbi_parquet
DRX000074	DRR000160	public	ncbi_parquet
DRX000075	DRR000161	public	ncbi_parquet
DRX000076	DRR000162	public	ncbi_parquet
DRX000077	DRR000163	public	ncbi_parquet
DRX000078	DRR000164	public	ncbi_parquet
DRX000079	DRR000165	public	ncbi_parquet
DRX000080	DRR000166	public	ncbi_parquet
DRX000081	DRR000167	public	ncbi_parquet
DRX000082	DRR000168	public	ncbi_parquet
DRX000083	DRR000169	public	ncbi_parquet
DRX000084	DRR000170	public	ncbi_parquet
DRX000085	DRR000171	public	ncbi_parquet
DRX000086	DRR000172	public	ncbi_parquet
DRX000087	DRR000173	public	ncbi_parquet
DRX000088	DRR000174	public	ncbi_parquet
DRX000088	DRR000175	public	ncbi_parquet
DRX000088	DRR000176	public	ncbi_parquet
DRX000089	DRR000177	public	ncbi_parquet
DRX000089	DRR000178	public	ncbi_parquet
DRX000089	DRR000179	public	ncbi_parquet
DRX000090	DRR000180	public	ncbi_parquet
DRX000090	DRR000181	public	ncbi_parquet
DRX000090	DRR000182	public	ncbi_parquet
DRX000096	DRR000189	public	ncbi_parquet
DRX000097	DRR000190	public	ncbi_parquet
DRX000097	DRR000191	public	ncbi_parquet
DRX000097	DRR000192	public	ncbi_parquet
DRX000097	DRR000193	public	ncbi_parquet
DRX000097	DRR000194	public	ncbi_parquet
DRX000097	DRR000195	public	ncbi_parquet
DRX000097	DRR000196	public	ncbi_parquet
DRX000097	DRR000197	public	ncbi_parquet
DRX000098	DRR000198	public	ncbi_parquet
DRX000098	DRR000199	public	ncbi_parquet
DRX000098	DRR000200	public	ncbi_parquet
DRX000098	DRR000201	public	ncbi_parquet
DRX000098	DRR000202	public	ncbi_parquet
DRX000098	DRR000203	public	ncbi_parquet
DRX000098	DRR000204	public	ncbi_parquet
DRX000098	DRR000205	public	ncbi_parquet
DRX000098	DRR000373	public	ncbi_parquet
DRX000098	DRR000374	public	ncbi_parquet
DRX000098	DRR000375	public	ncbi_parquet
DRX000098	DRR000376	public	ncbi_parquet
DRX000098	DRR000377	public	ncbi_parquet
DRX000098	DRR000378	public	ncbi_parquet
DRX000098	DRR000379	public	ncbi_parquet
DRX000099	DRR000206	public	ncbi_parquet
DRX000099	DRR000207	public	ncbi_parquet
DRX000099	DRR000208	public	ncbi_parquet
DRX000099	DRR000209	public	ncbi_parquet
DRX000099	DRR000210	public	ncbi_parquet
DRX000100	DRR000211	public	ncbi_parquet
DRX000100	DRR000212	public	ncbi_parquet
DRX000100	DRR000213	public	ncbi_parquet
DRX000100	DRR000214	public	ncbi_parquet
DRX000100	DRR000215	public	ncbi_parquet
DRX000101	DRR000216	public	ncbi_parquet
DRX000101	DRR000217	public	ncbi_parquet
DRX000101	DRR000218	public	ncbi_parquet
DRX000101	DRR000219	public	ncbi_parquet
DRX000101	DRR000220	public	ncbi_parquet
DRX000101	DRR000380	public	ncbi_parquet
DRX000101	DRR000381	public	ncbi_parquet
DRX000101	DRR000382	public	ncbi_parquet
DRX000101	DRR000383	public	ncbi_parquet
DRX000101	DRR000384	public	ncbi_parquet
DRX000101	DRR000385	public	ncbi_parquet
DRX000102	DRR000221	public	ncbi_parquet
DRX000102	DRR000222	public	ncbi_parquet
DRX000102	DRR000223	public	ncbi_parquet
DRX000102	DRR000224	public	ncbi_parquet
DRX000103	DRR000225	public	ncbi_parquet
DRX000103	DRR000226	public	ncbi_parquet
DRX000103	DRR000227	public	ncbi_parquet
DRX000103	DRR000228	public	ncbi_parquet
DRX000103	DRR000229	public	ncbi_parquet
DRX000103	DRR000230	public	ncbi_parquet
DRX000104	DRR000231	public	ncbi_parquet
DRX000105	DRR000232	public	ncbi_parquet
DRX000106	DRR000233	public	ncbi_parquet
DRX000107	DRR000234	public	ncbi_parquet
DRX000116	DRR000250	public	ncbi_parquet
DRX000117	DRR000251	public	ncbi_parquet
DRX000118	DRR000252	public	ncbi_parquet
DRX000119	DRR000253	public	ncbi_parquet
DRX000120	DRR000254	public	ncbi_parquet
DRX000121	DRR000255	public	ncbi_parquet
DRX000122	DRR000256	public	ncbi_parquet
DRX000123	DRR000257	public	ncbi_parquet
DRX000124	DRR000258	public	ncbi_parquet
DRX000125	DRR000259	public	ncbi_parquet
DRX000126	DRR000260	public	ncbi_parquet
DRX000127	DRR000261	public	ncbi_parquet
DRX000128	DRR000262	public	ncbi_parquet
DRX000129	DRR000263	public	ncbi_parquet
DRX000130	DRR000264	public	ncbi_parquet
DRX000131	DRR000265	public	ncbi_parquet
DRX000132	DRR000266	public	ncbi_parquet
DRX000133	DRR000267	public	ncbi_parquet
DRX000134	DRR000268	public	ncbi_parquet
DRX000135	DRR000269	public	ncbi_parquet
DRX000136	DRR000270	public	ncbi_parquet
DRX000137	DRR000271	public	ncbi_parquet
DRX000138	DRR000272	public	ncbi_parquet
DRX000139	DRR000273	public	ncbi_parquet
DRX000140	DRR000274	public	ncbi_parquet
DRX000141	DRR000275	public	ncbi_parquet
DRX000142	DRR000276	public	ncbi_parquet
DRX000143	DRR000277	public	ncbi_parquet
DRX000144	DRR000278	public	ncbi_parquet
DRX000145	DRR000279	public	ncbi_parquet
DRX000146	DRR000280	public	ncbi_parquet
DRX000147	DRR000281	public	ncbi_parquet
DRX000148	DRR000282	public	ncbi_parquet
DRX000149	DRR000283	public	ncbi_parquet
DRX000150	DRR000284	public	ncbi_parquet
DRX000151	DRR000285	public	ncbi_parquet
DRX000152	DRR000286	public	ncbi_parquet
DRX000153	DRR000287	public	ncbi_parquet
DRX000154	DRR000288	public	ncbi_parquet
DRX000155	DRR000289	public	ncbi_parquet
DRX000156	DRR000290	public	ncbi_parquet
DRX000157	DRR000291	public	ncbi_parquet
DRX000158	DRR000292	public	ncbi_parquet
DRX000159	DRR000293	public	ncbi_parquet
DRX000160	DRR000294	public	ncbi_parquet
DRX000161	DRR000295	public	ncbi_parquet
DRX000162	DRR000296	public	ncbi_parquet
DRX000163	DRR000297	public	ncbi_parquet
DRX000164	DRR000298	public	ncbi_parquet
DRX000165	DRR000299	public	ncbi_parquet
DRX000166	DRR000300	public	ncbi_parquet
DRX000167	DRR000301	public	ncbi_parquet
DRX000168	DRR000302	public	ncbi_parquet
DRX000169	DRR000303	public	ncbi_parquet
DRX000170	DRR000304	public	ncbi_parquet
DRX000171	DRR000305	public	ncbi_parquet
DRX000172	DRR000306	public	ncbi_parquet
DRX000173	DRR000307	public	ncbi_parquet
DRX000174	DRR000308	public	ncbi_parquet
DRX000174	DRR000309	public	ncbi_parquet
DRX000174	DRR000310	public	ncbi_parquet
DRX000174	DRR000311	public	ncbi_parquet
DRX000175	DRR000312	public	ncbi_parquet
DRX000175	DRR000313	public	ncbi_parquet
DRX000175	DRR000314	public	ncbi_parquet
DRX000176	DRR000315	public	ncbi_parquet
DRX000176	DRR000316	public	ncbi_parquet
DRX000176	DRR000317	public	ncbi_parquet
DRX000176	DRR000318	public	ncbi_parquet
DRX000177	DRR000319	public	ncbi_parquet
DRX000177	DRR000320	public	ncbi_parquet
DRX000177	DRR000321	public	ncbi_parquet
DRX000177	DRR000322	public	ncbi_parquet
DRX000178	DRR000323	public	ncbi_parquet
DRX000178	DRR000324	public	ncbi_parquet
DRX000178	DRR000325	public	ncbi_parquet
DRX000179	DRR000326	public	ncbi_parquet
DRX000179	DRR000327	public	ncbi_parquet
DRX000179	DRR000328	public	ncbi_parquet
DRX000179	DRR000329	public	ncbi_parquet
DRX000180	DRR000330	public	ncbi_parquet
DRX000180	DRR000331	public	ncbi_parquet
DRX000180	DRR000332	public	ncbi_parquet
DRX000180	DRR000333	public	ncbi_parquet
DRX000180	DRR000334	public	ncbi_parquet
DRX000181	DRR000335	public	ncbi_parquet
DRX000181	DRR000336	public	ncbi_parquet
DRX000181	DRR000337	public	ncbi_parquet
DRX000181	DRR000338	public	ncbi_parquet
DRX000185	DRR000343	public	ncbi_parquet
DRX000186	DRR000344	public	ncbi_parquet
DRX000187	DRR000345	public	ncbi_parquet
DRX000188	DRR000348	public	ncbi_parquet
DRX000189	DRR000347	public	ncbi_parquet
DRX000190	DRR000346	public	ncbi_parquet
DRX000200	DRR000386	public	ncbi_parquet
DRX000200	DRR000388	public	ncbi_parquet
DRX000201	DRR000387	public	ncbi_parquet
DRX000201	DRR000389	public	ncbi_parquet
DRX000201	DRR000390	public	ncbi_parquet
DRX000202	DRR000391	public	ncbi_parquet
DRX000203	DRR000392	public	ncbi_parquet
DRX000204	DRR000393	public	ncbi_parquet
DRX000204	DRR000395	public	ncbi_parquet
DRX000205	DRR000394	public	ncbi_parquet
DRX000205	DRR000396	public	ncbi_parquet
DRX000206	DRR000397	public	ncbi_parquet
DRX000206	DRR000399	public	ncbi_parquet
DRX000207	DRR000398	public	ncbi_parquet
DRX000207	DRR000400	public	ncbi_parquet
DRX000207	DRR000401	public	ncbi_parquet
DRX000208	DRR000402	public	ncbi_parquet
DRX000209	DRR000403	public	ncbi_parquet
DRX000209	DRR000404	public	ncbi_parquet
DRX000210	DRR000405	public	ncbi_parquet
DRX000211	DRR000406	public	ncbi_parquet
DRX000212	DRR000407	public	ncbi_parquet
DRX000213	DRR000408	public	ncbi_parquet
DRX000223	DRR000421	public	ncbi_parquet
DRX000231	DRR000433	public	ncbi_parquet
DRX000232	DRR000434	public	ncbi_parquet
DRX000233	DRR000435	public	ncbi_parquet
DRX000234	DRR000436	public	ncbi_parquet
DRX000235	DRR000437	public	ncbi_parquet
DRX000236	DRR000438	public	ncbi_parquet
DRX000237	DRR000439	public	ncbi_parquet
DRX000238	DRR000440	public	ncbi_parquet
DRX000239	DRR000441	public	ncbi_parquet
DRX000240	DRR000442	public	ncbi_parquet
DRX000241	DRR000443	public	ncbi_parquet
DRX000242	DRR000444	public	ncbi_parquet
DRX000243	DRR000445	public	ncbi_parquet
DRX000244	DRR000446	public	ncbi_parquet
DRX000245	DRR000447	public	ncbi_parquet
DRX000246	DRR000448	public	ncbi_parquet
DRX000247	DRR000449	public	ncbi_parquet
DRX000248	DRR000450	public	ncbi_parquet
DRX000249	DRR000451	public	ncbi_parquet
DRX000250	DRR000452	public	ncbi_parquet
DRX000251	DRR000453	public	ncbi_parquet
DRX000252	DRR000454	public	ncbi_parquet
DRX000253	DRR000455	public	ncbi_parquet
DRX000254	DRR000456	public	ncbi_parquet
DRX000255	DRR000457	public	ncbi_parquet
DRX000257	DRR000463	public	ncbi_parquet
DRX000258	DRR000464	public	ncbi_parquet
DRX000259	DRR000465	public	ncbi_parquet
DRX000260	DRR000466	public	ncbi_parquet
DRX000266	DRR000478	public	ncbi_parquet
DRX000266	DRR000479	public	ncbi_parquet
DRX000266	DRR000480	public	ncbi_parquet
DRX000300	DRR000534	public	ncbi_parquet
DRX000301	DRR000535	public	ncbi_parquet
DRX000302	DRR000536	public	ncbi_parquet
DRX000302	DRR000537	public	ncbi_parquet
DRX000302	DRR000538	public	ncbi_parquet
DRX000302	DRR000539	public	ncbi_parquet
DRX000303	DRR000540	public	ncbi_parquet
DRX000303	DRR000541	public	ncbi_parquet
DRX000303	DRR000543	public	ncbi_parquet
DRX000304	DRR000542	public	ncbi_parquet
DRX000305	DRR000544	public	ncbi_parquet
DRX000306	DRR000545	public	ncbi_parquet
DRX000306	DRR000546	public	ncbi_parquet
DRX000307	DRR000547	public	ncbi_parquet
DRX000308	DRR000548	public	ncbi_parquet
DRX000308	DRR000549	public	ncbi_parquet
DRX000308	DRR000550	public	ncbi_parquet
DRX000309	DRR000551	public	ncbi_parquet
DRX000310	DRR000552	public	ncbi_parquet
DRX000311	DRR000553	public	ncbi_parquet
DRX000312	DRR000554	public	ncbi_parquet
DRX000321	DRR000602	public	ncbi_parquet
DRX000322	DRR000564	public	ncbi_parquet
DRX000323	DRR000565	public	ncbi_parquet
DRX000324	DRR000566	public	ncbi_parquet
DRX000339	DRR000584	public	ncbi_parquet
DRX000340	DRR000585	public	ncbi_parquet
DRX000342	DRR000587	public	ncbi_parquet
DRX000343	DRR000588	public	ncbi_parquet
DRX000344	DRR000589	public	ncbi_parquet
DRX000345	DRR000590	public	ncbi_parquet
DRX000346	DRR000591	public	ncbi_parquet
DRX000347	DRR000592	public	ncbi_parquet
DRX000348	DRR000593	public	ncbi_parquet
DRX000349	DRR000594	public	ncbi_parquet
DRX000350	DRR000595	public	ncbi_parquet
DRX000351	DRR000596	public	ncbi_parquet
DRX000352	DRR000597	public	ncbi_parquet
DRX000353	DRR000598	public	ncbi_parquet
DRX000354	DRR000599	public	ncbi_parquet
DRX000355	DRR000600	public	ncbi_parquet
